"Keval","9002485711","BCom","PHP"
"Shiddhesh","9867542267","BSc IT","Python"
"Keval","9137690039","BSc IT","Python"
"Shiddhesh","9137690039","BCom","Python"
"Shiddhesh","9137690039","BCom","Python"
"Shiddhesh","9137690039","BCom","Python"
"Shiddhesh","9137690039","BCom","Python"
"Shiddhesh","9137690039","BCom","Python"
"Shiddhesh","9137690039","BCom","Python"
"Akash","9137690039","BSc","Python"
"Akash","1212121212","BSc IT","Python"
"Keval","9137690039","BCom","Java"
"Akash","1212121212","BSc IT","Python"
"Keval","9137690039","BSc IT","DBMS"
"Akash","9137690039","BSc IT","Python"
"Keval","9137690039","BSc IT","Python"
"Akash","9137690039","BSc IT","Python"
"Keval","9002485711","BCom","PHP"
"Shiddhesh","9867542267","BSc IT","Python"
"Keval","9137690039","BSc IT","Python"
"Shiddhesh","9137690039","BCom","Python"
"Shiddhesh","9137690039","BCom","Python"
"Shiddhesh","9137690039","BCom","Python"
"Shiddhesh","9137690039","BCom","Python"
"Shiddhesh","9137690039","BCom","Python"
"Shiddhesh","9137690039","BCom","Python"
"Akash","9137690039","BSc","Python"
"Akash","1212121212","BSc IT","Python"
"Keval","9137690039","BCom","Java"
"Akash","1212121212","BSc IT","Python"
"Keval","9137690039","BSc IT","DBMS"
"Akash","9137690039","BSc IT","Python"
"Keval","9137690039","BSc IT","Python"
"Akash","9137690039","BSc IT","Python"
"Keval","9002485711","BCom","PHP"
"Shiddhesh","9867542267","BSc IT","Python"
"Keval","9137690039","BSc IT","Python"
"Shiddhesh","9137690039","BCom","Python"
"Shiddhesh","9137690039","BCom","Python"
"Shiddhesh","9137690039","BCom","Python"
"Shiddhesh","9137690039","BCom","Python"
"Shiddhesh","9137690039","BCom","Python"
"Shiddhesh","9137690039","BCom","Python"
"Akash","9137690039","BSc","Python"
"Akash","1212121212","BSc IT","Python"
"Keval","9137690039","BCom","Java"
"Akash","1212121212","BSc IT","Python"
"Keval","9137690039","BSc IT","DBMS"
"Akash","9137690039","BSc IT","Python"
"Keval","9137690039","BSc IT","Python"
"Akash","9137690039","BSc IT","Python"
"Keval","9002485711","BCom","PHP"
"Shiddhesh","9867542267","BSc IT","Python"
"Keval","9137690039","BSc IT","Python"
"Shiddhesh","9137690039","BCom","Python"
"Shiddhesh","9137690039","BCom","Python"
"Shiddhesh","9137690039","BCom","Python"
"Shiddhesh","9137690039","BCom","Python"
"Shiddhesh","9137690039","BCom","Python"
"Shiddhesh","9137690039","BCom","Python"
"Akash","9137690039","BSc","Python"
"Akash","1212121212","BSc IT","Python"
"Keval","9137690039","BCom","Java"
"Akash","1212121212","BSc IT","Python"
"Keval","9137690039","BSc IT","DBMS"
"Akash","9137690039","BSc IT","Python"
"Keval","9137690039","BSc IT","Python"
"Akash","9137690039","BSc IT","Python"
"Keval","9002485711","BCom","PHP"
"Shiddhesh","9867542267","BSc IT","Python"
"Keval","9137690039","BSc IT","Python"
"Shiddhesh","9137690039","BCom","Python"
"Shiddhesh","9137690039","BCom","Python"
"Shiddhesh","9137690039","BCom","Python"
"Shiddhesh","9137690039","BCom","Python"
"Shiddhesh","9137690039","BCom","Python"
"Shiddhesh","9137690039","BCom","Python"
"Akash","9137690039","BSc","Python"
"Akash","1212121212","BSc IT","Python"
"Keval","9137690039","BCom","Java"
"Akash","1212121212","BSc IT","Python"
"Keval","9137690039","BSc IT","DBMS"
"Akash","9137690039","BSc IT","Python"
"Keval","9137690039","BSc IT","Python"
"Akash","9137690039","BSc IT","Python"
"Keval","9002485711","BCom","PHP"
"Shiddhesh","9867542267","BSc IT","Python"
"Keval","9137690039","BSc IT","Python"
"Shiddhesh","9137690039","BCom","Python"
"Shiddhesh","9137690039","BCom","Python"
"Shiddhesh","9137690039","BCom","Python"
"Shiddhesh","9137690039","BCom","Python"
"Shiddhesh","9137690039","BCom","Python"
"Shiddhesh","9137690039","BCom","Python"
"Akash","9137690039","BSc","Python"
"Akash","1212121212","BSc IT","Python"
"Keval","9137690039","BCom","Java"
"Akash","1212121212","BSc IT","Python"
"Keval","9137690039","BSc IT","DBMS"
"Akash","9137690039","BSc IT","Python"
"Keval","9137690039","BSc IT","Python"
"Akash","9137690039","BSc IT","Python"
